row_id,source_label,gold_label
1007,Credit reporting,Credit reporting
1010,Credit card,Credit reporting
1011,Consumer loan,Credit reporting
1012,Debt collection,Debt collection
1019,Consumer loan,Consumer loan
1023,Money transfer or service,Money transfer or service
1026,Consumer loan,Consumer loan
1029,Debt collection,Debt collection
1033,Debt collection,Debt collection
1040,Bank account or service,Credit card
1055,Debt collection,Credit reporting
1059,Mortgage,Mortgage
1062,Bank account or service,Bank account or service
1069,Consumer loan,Consumer loan
1070,Mortgage,Mortgage
1078,Credit card,Credit card
1079,Money transfer or service,Bank account or service
1083,Money transfer or service,Money transfer or service
1088,Mortgage,Mortgage
1089,Credit reporting,Credit reporting
1097,Consumer loan,Credit reporting
1099,Mortgage,Mortgage
1110,Credit card,Credit card
1125,Credit card,Bank account or service
1135,Credit reporting,Credit reporting
1141,Credit reporting,Credit reporting
1145,Mortgage,Mortgage
1151,Bank account or service,Bank account or service
1152,Debt collection,Credit reporting
1157,Bank account or service,Bank account or service
1165,Consumer loan,Consumer loan
1174,Bank account or service,Credit card
1178,Credit reporting,Credit reporting
1188,Credit card,Credit card
1200,Mortgage,Mortgage
1221,Bank account or service,Bank account or service
1223,Money transfer or service,Bank account or service
1226,Debt collection,Debt collection
1237,Consumer loan,Consumer loan
1246,Credit card,Credit card
1255,Credit card,Money transfer or service
1257,Money transfer or service,Money transfer or service
1258,Money transfer or service,Money transfer or service
1261,Money transfer or service,Bank account or service
1272,Consumer loan,Consumer loan
1274,Consumer loan,Consumer loan
1275,Consumer loan,Debt collection
1277,Credit reporting,Credit reporting
1278,Credit reporting,Credit reporting
1280,Money transfer or service,Bank account or service
1289,Credit card,Credit card
1294,Money transfer or service,Money transfer or service
1295,Debt collection,Credit reporting
1301,Mortgage,Mortgage
1325,Credit card,Credit card
1329,Bank account or service,Bank account or service
1330,Debt collection,Debt collection
1332,Debt collection,Debt collection
1337,Bank account or service,Bank account or service
1338,Bank account or service,Bank account or service
1340,Credit card,Credit card
1343,Debt collection,Debt collection
1344,Mortgage,Mortgage
1348,Mortgage,Mortgage
1354,Credit card,Credit card
1366,Credit reporting,Credit reporting
1369,Mortgage,Mortgage
1379,Credit reporting,Credit reporting
1382,Money transfer or service,Money transfer or service
1399,Mortgage,Debt collection
1404,Mortgage,Mortgage
1414,Credit reporting,Credit reporting
1418,Mortgage,Mortgage
1422,Credit reporting,Debt collection
1427,Debt collection,Debt collection
1428,Bank account or service,Bank account or service
1430,Credit reporting,Bank account or service
1433,Credit reporting,Credit reporting
1437,Credit card,Credit reporting
1439,Mortgage,Mortgage
1440,Credit card,Credit reporting
1442,Consumer loan,Consumer loan
1446,Credit card,Credit card
1448,Consumer loan,Credit reporting
1449,Money transfer or service,Bank account or service
1453,Consumer loan,Consumer loan
1459,Debt collection,Debt collection
1466,Credit reporting,Credit reporting
1471,Bank account or service,Money transfer or service
1473,Mortgage,Mortgage
1493,Bank account or service,Bank account or service
1503,Money transfer or service,Consumer loan
1516,Credit reporting,Credit reporting
1517,Mortgage,Mortgage
1542,Mortgage,Consumer loan
1544,Bank account or service,Money transfer or service
1545,Mortgage,Mortgage
1547,Bank account or service,Bank account or service
1550,Consumer loan,Consumer loan
1560,Credit card,Bank account or service
1563,Credit reporting,Credit reporting
1568,Bank account or service,Bank account or service
1576,Credit reporting,Credit reporting
1582,Mortgage,Mortgage
1584,Credit card,Credit reporting
1585,Bank account or service,Bank account or service
1586,Mortgage,Mortgage
1596,Debt collection,Debt collection
1604,Consumer loan,Consumer loan
1605,Money transfer or service,Bank account or service
1616,Debt collection,Debt collection
1618,Credit card,Credit card
1621,Mortgage,Bank account or service
1630,Money transfer or service,Money transfer or service
1640,Credit card,Credit reporting
1644,Consumer loan,Consumer loan
1647,Money transfer or service,Bank account or service
1661,Debt collection,Credit reporting
1664,Mortgage,Mortgage
1687,Credit reporting,Credit reporting
1688,Consumer loan,Consumer loan
1689,Money transfer or service,Money transfer or service
1696,Bank account or service,Bank account or service
1700,Bank account or service,Bank account or service
1703,Money transfer or service,Money transfer or service
1709,Credit reporting,Credit reporting
1711,Credit reporting,Credit reporting
1722,Debt collection,Debt collection
1729,Bank account or service,Bank account or service
1734,Bank account or service,Credit card
1735,Money transfer or service,Credit card
1742,Credit card,Credit card
1745,Consumer loan,Consumer loan
1754,Credit reporting,Debt collection
1761,Debt collection,Debt collection
1764,Credit card,Credit reporting
1765,Money transfer or service,Money transfer or service
1775,Money transfer or service,Bank account or service
1777,Consumer loan,Consumer loan
1781,Mortgage,Mortgage
1792,Debt collection,Debt collection
1799,Debt collection,Debt collection
1800,Credit card,Credit card
1804,Consumer loan,Consumer loan
1810,Credit reporting,Credit reporting
1823,Bank account or service,Bank account or service
1830,Debt collection,Debt collection
1831,Consumer loan,Credit reporting
1836,Money transfer or service,Bank account or service
1843,Debt collection,Debt collection
1844,Bank account or service,Bank account or service
1855,Debt collection,Credit reporting
1868,Consumer loan,Consumer loan
1869,Money transfer or service,Money transfer or service
1870,Credit card,Credit card
1876,Bank account or service,Bank account or service
1881,Consumer loan,Consumer loan
1883,Credit reporting,Credit reporting
1890,Debt collection,Debt collection
1896,Consumer loan,Consumer loan
1904,Money transfer or service,Money transfer or service
1912,Money transfer or service,Money transfer or service
1936,Credit reporting,Consumer loan
1939,Consumer loan,Consumer loan
1953,Debt collection,Debt collection
1954,Credit card,Credit card
1960,Credit card,Credit card
1961,Mortgage,Mortgage
1962,Bank account or service,Bank account or service
1963,Bank account or service,Bank account or service
1969,Money transfer or service,Credit card
1980,Credit reporting,Credit reporting
1983,Credit card,Credit card
1990,Debt collection,Debt collection
1997,Mortgage,Mortgage
