row,gold_label
1007,Credit reporting
1010,Credit reporting
1011,Credit reporting
1012,Debt collection
1019,Consumer loan
1023,Money transfer or service
1026,Consumer loan
1029,Debt collection
1033,Debt collection
1040,Credit card
1055,Credit reporting
1059,Mortgage
1062,Bank account or service
1069,Consumer loan
1070,Mortgage
1078,Credit card
1079,Bank account or service
1083,Money transfer or service
1088,Mortgage
1089,Credit reporting
1097,Credit reporting
1099,Mortgage
1110,Credit card
1125,Bank account or service
1135,Credit reporting
1141,Credit reporting
1145,Mortgage
1151,Bank account or service
1152,Credit reporting
1157,Bank account or service
1165,Consumer loan
1174,Credit card
1178,Credit reporting
1188,Credit card
1200,Mortgage
1221,Bank account or service
1223,Bank account or service
1226,Debt collection
1237,Consumer loan
1246,Credit card
1255,Money transfer or service
1257,Money transfer or service
1258,Money transfer or service
1261,Bank account or service
1272,Consumer loan
1274,Consumer loan
1275,Debt collection
1277,Credit reporting
1278,Credit reporting
1280,Bank account or service
1289,Credit card
1294,Money transfer or service
1295,Credit reporting
1301,Mortgage
1325,Credit card
1329,Bank account or service
1330,Debt collection
1332,Debt collection
1337,Bank account or service
1338,Bank account or service
1340,Credit card
1343,Debt collection
1344,Mortgage
1348,Mortgage
1354,Credit card
1366,Credit reporting
1369,Mortgage
1379,Credit reporting
1382,Money transfer or service
1399,Debt collection
1404,Mortgage
1414,Credit reporting
1418,Mortgage
1422,Debt collection
1427,Debt collection
1428,Bank account or service
1430,Bank account or service
1433,Credit reporting
1437,Credit reporting
1439,Mortgage
1440,Credit reporting
1442,Consumer loan
1446,Credit card
1448,Credit reporting
1449,Bank account or service
1453,Consumer loan
1459,Debt collection
1466,Credit reporting
1471,Money transfer or service
1473,Mortgage
1493,Bank account or service
1503,Consumer loan
1516,Credit reporting
1517,Mortgage
1542,Consumer loan
1544,Money transfer or service
1545,Mortgage
1547,Bank account or service
1550,Consumer loan
1560,Bank account or service
1563,Credit reporting
1568,Bank account or service
1576,Credit reporting
1582,Mortgage
1584,Credit reporting
1585,Bank account or service
1586,Mortgage
1596,Debt collection
1604,Consumer loan
1605,Bank account or service
1616,Debt collection
1618,Credit card
1621,Bank account or service
1630,Money transfer or service
1640,Credit reporting
1644,Consumer loan
1647,Bank account or service
1661,Credit reporting
1664,Mortgage
1687,Credit reporting
1688,Consumer loan
1689,Money transfer or service
1696,Bank account or service
1700,Bank account or service
1703,Money transfer or service
1709,Credit reporting
1711,Credit reporting
1722,Debt collection
1729,Bank account or service
1734,Credit card
1735,Credit card
1742,Credit card
1745,Consumer loan
1754,Debt collection
1761,Debt collection
1764,Credit reporting
1765,Money transfer or service
1775,Bank account or service
1777,Consumer loan
1781,Mortgage
1792,Debt collection
1799,Debt collection
1800,Credit card
1804,Consumer loan
1810,Credit reporting
1823,Bank account or service
1830,Debt collection
1831,Credit reporting
1836,Bank account or service
1843,Debt collection
1844,Bank account or service
1855,Credit reporting
1868,Consumer loan
1869,Money transfer or service
1870,Credit card
1876,Bank account or service
1881,Consumer loan
1883,Credit reporting
1890,Debt collection
1896,Consumer loan
1904,Money transfer or service
1912,Money transfer or service
1936,Consumer loan
1939,Consumer loan
1953,Debt collection
1954,Credit card
1960,Credit card
1961,Mortgage
1962,Bank account or service
1963,Bank account or service
1969,Credit card
1980,Credit reporting
1983,Credit card
1990,Debt collection
1997,Mortgage
