row_id,narrative,final_explanation,final_label
1007,"XXXX XXXX  paid to delete. 
XXXX XXXX paid to delete Lvnv funding no response from company, sent debt validation letter no response XXXX XXXX paid to delete XXXX XXXX send debt validation letter no response from","We first split between Debt collection and Credit reporting. We settled on Credit reporting because the repeated paid-to-delete wording asks for deletion, though the narrative never names a credit report.",Credit reporting
1023,"I am filing a complaint against Cash App ( Block, inc. ) due to inadequate customer service and unfair practices which violate the consumer financial protection act ( CFPA ). specifically Cash App failed to take timely and effective measures to prevent an address fraud on their platform leaving my account vulnerable and unprotected dispute resolution process was unfair and deceptive as they did not comply with error resolution requirements under these electronic fund transfer act ( EFTA ) And regulation E. These actions have caused significant inconvenience and financial loss and I seek appropriate redress for these violations","We both marked this uncertain because the transaction isn't named. We agreed it is a Cash App fraud and error-resolution dispute about a financial loss, so we kept Money transfer or service.",Money transfer or service
1040,"CC payment of {$47.00} due XXXX/XXXX/16. Paid {$50.00} on XXXX/XXXX/16, the next official banking day. Assessed late fees of {$35.00} by bank. Called on XXXX/XXXX/16 to complain and late fees were reversed. However, bank maintains that I still owe {$82.00} ( {$47.00} + late fees ). I have been called on five separate occasions to request immediate payment and I refused. I have asked HSBC to stop the phone calls, but they still come. I am on XXXX and paying more than {$50.00} is a financial hardship.","We both marked this uncertain because of the calls. We agreed the reversed late fee and the balance still owed are the main dispute and the calls only chase that amount, so we kept Credit card.",Credit card
1079,My Cash App account was closed allegedly for violating their Terms of Service. When I inquired and contested this they refused to provide additional detail even when I know my account did not violate ToS after personal review. I escalated this and submitted a CFPB complaint to which they responded and requested identify verification from me to further investigate. Upon conclusion of their investigation they provided the same response that I violated ToS and continued to refuse to provide additional detail.,"We split at first, with one of us saying Bank account or service and the other Money transfer or service. We agreed the account was closed with no disputed transfer, so under the payment-platform rule we chose Bank account or service.",Bank account or service
1083,"I have a court ordered annuity guaranteed the annuity payment {$170000.00} due XX/XX/2029 was sent to Chase XXXX {$44000.00} missing {$130000.00} I contacted XXXX XXXX XXXX XXXX they disconnected my calls policy # XXXX cant be found on the online resource. 
I notified the attorneys that filed the negligent lawsuit in NJ XXXX XXXX. 
Ive since been scammed on the internet filed an IC3 complaint and closed my chase bank account. 
Not sure why the company is in default of the court order. 
There is a gag order","We both marked this uncertain. We agreed the main issue is $130000 missing from a specific annuity payment sent to Chase, which matters more than the later account closure, so we kept Money transfer or service.",Money transfer or service
1125,"I already tried confronting Chime directly myself. After dealing with their people 3 times, I've already ordered a new pay card from my own work and cancelled everything having to do with them. They are a scam set up to rob as many victims as possible trying to keep them unaware. I've had a total of XXXX dollars be wrongfully taken from my account, which left me unable to spend my own money. I don't make a lot of money as is and everytime I looked for answers as to where the money went, I always ended up feeling hopeless. Their scam is within the terms of their credit card. I read to terms front to back and their entire app never mentions exact details outlining how the credit card will work. It's set up to be as confusing as possible. However, when the funds automated too transfer from your debit to your credit, surely your credit limit will not exceed XXXX dollars. I'm so very displeased with their service and am telling anyone and everyone how much chime is into extortion.","We split at first between Credit card and Bank account or service. We agreed the real problem is money stuck after moving from debit to credit and no failed transfer, so under the payment-platform rule we chose Bank account or service.",Bank account or service
1174,"1. Capital one requested evidence as part of a dispute claim. I provided this three times. Apparently a letter from the device manufacturer sent via capital one 's upload url and via email is deemed as "" not received ''. Have they addressed this failure in their dispute process or given me an adequate reason why they are saying the did not receive it? No. 2. I sent a long rebuttal of the merchants documentation to Capital One. Have they reviewed and responded to points and inaccuracies raised? No. 3. I have requested, VIA THEIR PRIVACY PAGE, all marketing junk cease. Have they actioned this? No. 4. I have called their contact centre to close my account. While being transferred I was disconnected. Has anyone called me back? No. 5. Capital one have again given me a phone number which is not answered and no one calls back. Why provide this? Have they answered this? No. 6. Have they provided an adequate reason for denying my dispute? No. First denial due to it being a valid purchase. Never said it wasn't. Have they responded to this? No. 7. They have not provided ALL steps and documentation used to determine their judgement, despite stating this can be requested on their automated denial emails. Have they responded to this? No. 8. "" Contact the merchant ''. The correspondence is included as part of my evidence. Have they reviewed this? No. So, I repeat, a failure to answer a customer complaint. I feel they are lying to cover their own failures at my expense.","We both kept the same label. We agreed most of the numbered complaints are about Capital One's handling of a merchant purchase dispute, so we stayed with Credit card.",Credit card
1223,"I use Zelle between family members. Usually my husband and sister. On XX/XX/XXXX I received {$80.00} from a complete stranger. There was no reason for this person to send me money. I reported this deposit to Zelle as fraudulent. I assumed ( silly me ) they would take care of this. On XX/XX/XXXX my husband tried to Zelle me an amount for household purchases. It would not go through and my account comes up restricted and I should contact Zelle support. I did so. I was kicked up to level two support and XXXX from Zelle read me a script about how I agreed to Zelle terms of service when I opened my account and that my account was restricted because I "" violated '' one of the TOS. XXXX refused to tell me what TOS I had violated, or how I had violated them. She said this is a permanent restriction. I was treated like a criminal! This is absolute nonsense, very discriminatory and unequitable treatment. Please investigate Zelle and other similar companies for these discriminatory and unequitable policies.","We both first said Money transfer or service. After rechecking, we saw the payments only explain a permanent Zelle restriction with no stated violation, so under the payment-platform rule we changed it to Bank account or service.",Bank account or service
1237,"I paid all 36 of my monthly payments and turned my leased   XXXX   XXXX   XXXX   in prior to the maturity date. It was under mileage and in show room condition. There were no dents, no scratches, no stains ... ..nothing!! We brought the car back to the dealership where we leased it (   XXXX   XXXX   in  XXXX , NY ). No one said a word about its condition or did any sort of inspection while we were there. Several months later I received a bill for {$630.00} from Hyundai Motor Finance. I knew that there would be a "" disposition fee '' of {$400.00}. However, the breakdown on the bill was so convoluted that it was impossible to determine what the additional charges were for. After speaking with a representative (   XXXX   ) today from Hyundai Motor Finance I was informed that there was damage to the front right bumper. There were NO damages when we turned it in, and since the "" inspection '' was done outside our presence I can only assume that IF they found damage, it happened after we turned the car in. They claim to have photos, but I have to assume that they are not photos of the car I turned in. I contend that these charges are bogus and Hyundai 's way of making money from consumers. I am refusing to pay for damages that were not there, and I do n't trust that this company might have 'manufactured ' this to collect a few extra bucks. I will pay the 'disposition fee ', but I am not paying for damages that were not there.","We both marked this uncertain since a car lease isn't a loan. We agreed the damage bill is closest to vehicle finance, so we kept Consumer loan as the best available label.",Consumer loan
1255,"I made a Purchase with a company called XXXX XXXX. It apparently is an XXXX  company selling into the US. I have no problems buying from overseas companies as I have done that in the past. 

I used PayPal to make the purchase. 

I made XXXX separate purchases. One for about XXXX XXXX  and another for XXXX XXXX. 

The items for XXXX arrived but the quality was poor. there were 5 or 6 items in this package. I kept 2 or 3 and returned 3. The total refund due me should have been XXXX XXXX. The only refunded XXXX XXXX  and kept almost XXXX XXXX  for refunds and taxes! I am still in the process of collecting the difference back. 

The second item was stuck with XXXX  customs because they had initially misclassified the amount of wool in the coat. After 30 days I assumed they had returned the item back to XXXX. 

Lo and behold I get an email from XXXX asking for Import duties for an item they delivered. I informed the merchant the item was not received that I was going to be asking what happened to my refund. 

XXXX informed them they delivered the product and I signed for it. I never signed for anything. I was travelling a lot during that time so not possible I could have signed for the item. I later had XXXX  XXXX and came back to work on XX/XX/year>. No way I signed for a package. 
How did I get a package that was delivered before the duty was paid. Doe snot even begin to make sense. 
I filed a dispute with PayPal. PayPal keeps closing the case because they received an electronic copy of a delivery from XXXX saying they delivered to my address. 

This is insane!!!!","We rechecked this under the payment-platform rule. PayPal closed a dispute over one purchase payment and the writer wants that payment back, so we kept Money transfer or service.",Money transfer or service
1257,"Hi, My name is XXXX XXXX and i have been a BofA customer since XXXX and am a XXXX customer for the bank.. 



Complaint details : Last week i had put some furniture for sale and a person texted and called me showing interest to buy the furniture. The customer ( XXXX XXXX ) sent me a Cashiers Check for an amount of {$1700.00} ( {$500.00} for XXXX and {$1200.00} for transportation ). 



i deposited the check on XX/XX/XXXX and BofA took 1 day to verify and credit {$1700.00} into my account and i was asked by customer to transfer {$1200.00} to the transporting company once the check gets credited using XXXX another service provided by the Bank. 



Same day based on a call with the customer i got suspicious and asked the bank to stop the transaction of {$1200.00} ( on XXXX ) to this transportation company as it was still in processing and the movers never delivered the service as agreed. 



Late friday night ( XXXX ) i saw that {$1700.00} was being debited from my account by BofA saying that the Cashier 's check was fake. 







Issues : As a customer i trusted bank for XXXX of its services. first Cashiers Check and XXXX to do online transactions and Bank is refusing to block the {$1700.00} debit or {$1200.00} XXXX transfer. and as a customer i was cheated by a scamster. With BofA not taking responsibility and have stringent process in place it is helping scamsters to cheat lots of customers. 



Appreciate DOB helping me and other such customers from getting cheated and making Bank liable for giving scamsters loop holes that they can cheat customers. 



i have called and spoken to multiple support people from the bank and they are refusing to help. 



Thanks XXXX","We both marked this uncertain. We agreed the clearest request is to stop a specific $1200 payment after a fake check, so under the payment-platform rule we kept Money transfer or service.",Money transfer or service
1261,The company involved is cash app. I have a {$18.00} balance that I got in XX/XX/year>. I have been trying to withdraw my funds and I always get an error message saying my account is suspended. I have messaged support on numerous occasions. Each time Cash App says they have escalated the issue and someone will email me. Nobody ever contacts me back. Every time they give me the same excuse that the issue is escalated but they never fix the problem,"We split at first, with one of us saying Bank account or service and the other Money transfer or service. We agreed the Cash App account is suspended over an $18 balance with no failed transfer, so under the payment-platform rule we chose Bank account or service.",Bank account or service
1280,"on XX/XX/XXXX someone hacked my phone sim card and email address and was trying to reset my log in information with coinbase. I was able to catch this in time and block any transactions and changed my email and phone on the account. Coinbase suggested i immediately disable my account which I did. Till today I am trying to recover my account that has my own money and i have no response from coinbase at all. The initial tickets i submitted has a auto reply that it will be fixed in 4-5 business days. After couple weeks passed i lodged a compliant and the auto reply said i will hear back in 15 business days and if they can not resolve someone will contact me to ask for extension. That deadline has already passed and no response. I am very frustrated as my money is tied up in the account which i can not access. I hope you can help. This company is not helpful at all. I wonder how they can go public without any customer support. 
Thank you","We split at first between Bank account or service and Money transfer or service. We agreed the writer just cannot reach the funds in a disabled Coinbase account and no transfer needs recovering, so under the payment-platform rule we chose Bank account or service.",Bank account or service
1289,"This account represents a clear breach of contract and is fraudulent in nature. The bank failed to provide me with essential information regarding this fraudulent account, which is a direct violation of my rights as a consumer. Therefore, I urgently request the Consumer Financial Protection Bureau ( CFPB ) to handle this matter directly, as the bank 's actions have resulted in significant harm to my financial well-being. The account is : CITICARDS CBNA XXXX XXXX","We both marked this uncertain. We agreed CitiCards is the only account named and there is no separate reporting or collection request, so we kept Credit card.",Credit card
1325,Logged to the company website the day the payment was due. Because payment was not submitted by a crazy cut off time. I was charged a fee however if the payment was mailed or phone it has different processing times which is unfair and deceptive to consumers. I dont want to do business with such a disgusting company that harms their customers.,"We split at first between Credit card and Consumer loan. We agreed the payment cutoff fee looks like card billing even though no product is named, so we chose Credit card as the best fit.",Credit card
1330,"I am filing this complaint against Absolute Resolutions Investments , LLC ( ARI ) regarding their attempt to collect and report an alleged debt that has not been properly validated and contains inaccurate information. Lack of Proper Debt Validation ; I exercised my rights under the Fair Debt Collection Practices Act ( FDCPA ) ( 15 U.S.C. 1692g ) by requesting debt validation. ARI responded by providing a loan agreement, but they failed to include a signed contract or verifiable proof of my e-signature. Under 15 U.S.C. 7001 ( c ) of the E-Sign Act, electronic signatures require an audit trail proving identity verification ( such as an IP address, date, and time stamp ). ARI has not provided this proof. Since they can not prove I agreed to this debt, it should not be reported on my credit file or collected upon. Inaccurate Balance Reporting ; ARI is reporting a different balance than the original charge-off amount. The original creditor, XXXX XXXX, XXXX, charged off the debt at {$1900.00}, but ARI is reporting {$1400.00} on my credit report. I also contacted XXXXXXXX XXXX XXXX XXXX the law firm representing ARI, and was told that my balance is {$350.00} more than what is currently being reported to the credit bureaus. This means ARI is engaging in false reporting and collection of an inaccurate debt amount, violating both the Fair Credit Reporting Act ( FCRA ) ( 15 U.S.C. 1681s-2 ) and the Fair Debt Collection Practices Act ( FDCPA ) ( 15 U.S.C. 1692e ( 2 ) ( A ) ).","We both marked this uncertain. We agreed the failure to validate the debt and the conflicting amounts come first and credit reporting is a side harm, so we kept Debt collection.",Debt collection
1332,"To whom this may Concern, I am writing in to file a formal complaint against National Credit Adjusters. 
Amount : {$2900.00} Delinquency first reported : XX/XX/XXXX Debt buyer account This debt collections adjuster did not send me notification of alleged debt and when I researched who the collection could be for, I do know that this debt has exceeded the statue of limitations for the following states : Georgia, Kansas & Virginia. 

I also sent a debt verification request via certified mail requesting that they verify the debt on XX/XX/XXXX asking the debt collector to please send me a response within 15-30 business days. I have yet to receive a response. The Debt collector did how ever close the account on my credit profiles marking it paid off, however, that was not my request because I did not a will not pay them anything for an entry that should not have been placed on my credit report.","We agreed the missing notice and the unanswered validation request are collector conduct, and the credit file entry is secondary, so we kept Debt collection.",Debt collection
1366,"I am writing to formally dispute inaccuracies in my Social Security account that I believe have resulted from the breach that occurred in 2024. 

The breach has led to unauthorized access to my personal information, which is a violation of the privacy provisions outlined in 15 U.S.C. 6801. This statute emphasizes the necessity for financial institutions and other entities to safeguard consumers private information and to notify affected individuals in the event of a breach. 


Account Name : SANTANDER Account Number : XXXXXXXX XXXX XXXX XXXX XXXX  Account Name : XXXX Account Number : XXXXXXXX XXXX XXXX XXXX XXXX Account Name : XXXX XXXX ( Original Creditor : XXXXXXXX XXXX ) Account Number : XXXXXXXX XXXX XXXX","We both marked this uncertain. We agreed the listed creditor accounts look like disputed report items and the breach wording is unclear, so we kept Credit reporting.",Credit reporting
1399,"Last week I began receiving collections calls from Nationstar Mortgage concerning this month 's payment which was due on the XXXX the month, but was now the XXXX the month ( a week and half after the XXXX ). After that first call I went to their secure website, logged in and sent them an email advising them not to either call my work or cell phone in accordance with the Fair Debt Collections and Practices Act of 1974. The next day and each proceeding day after that I kept receiving collection calls from Nationstar Mortgage. I went back to retrieve that email that I had sent them and it had been deleted by Nationstar. 
The second time Nationstar called I advised them that my wife and I were advised by our Real Estate Agent not to make this month 's payment in that this may cause some difficulty somewhere in the selling process. I also advised them that I would provide Nationstar with documents showing that our house is being sold. Nationstar still kept calling and sending emails. They refused to either work with me or believe my story. 
In short, Nationstar violated the Fair Debt Collections and Practices Act of 1974 and based on that I am filing a complaint.","We agreed the writer's request is to stop repeated collection calls, even though the debt is a mortgage payment, so we kept Debt collection.",Debt collection
1422,"To Whom It May Concern, XX/XX/2023 I am submitting this complaint to dispute a debt being reported to me by XXXX XXXX XXXX, as shown on my credit report. I believe this debt is not mine, and I am requesting a full investigation by the Consumer Financial Protection Bureau due to the following issues : XXXX. The amounts and information reported are inaccurate, and do not correspond with any financial obligations I have incurred. 
XXXX. I am requesting : Full validation of the alleged debt, including a breakdown of the total amount, the original creditor, and itemized charges. 
A copy of the purchase agreement or assignment of the debt, proving the collectors legal authority to collect. 
Securitization information, including the identity of the original creditor and the full chain of title for this debt.","We both marked this uncertain. We agreed the requests for itemization, assignment and proof of authority are aimed at the collector, so we kept Debt collection.",Debt collection
1427,"On XX/XX/year> I mailed a certified letter to Resurgent/LVNV Funding requesting validation and verification of this debt. The letter was received and signed for on XX/XX/XXXX. XXXX. It appears they may have attempted to respond, but sent mail to an old address. I provided my current address on the envelop provided and on the letter addressed to them. I had informed delivery at my old address. I received an email image of the envelop sent to that address. Unfortunately, I did not physically receive the mail. This company is actually handling XXXX collection accounts being reported on my credit file XXXX XXXX XXXX XXXX XXXX XXXX I XXXX the return address on the image of mail sent to my old address and is shows to be Resurgent/LVNV Funding XXXX XXXX XXXX XXXX XXXX XXXX XXXX XXXX XXXX XXXXXXXX","We agreed the concrete problem is the validation reply going to an old address so the writer never got it, so we kept Debt collection.",Debt collection
1428,I opened a fraud claim due to fraudulent transactions on my account. My phone wallet and everything was stolen. I informed chase i didnt have my phone or wallet so I could have not made the transactions. They still only gave my half credit,"We both marked this uncertain. We agreed it is a partial refund of fraud transactions on an unspecified Chase account, so we kept Bank account or service.",Bank account or service
1437,"I, XXXX XXXX, as a federally protected consumer and per the Fair Credit Reporting Act ( 15 USC 1681 ) I am now opting out of any and all authorizations that I may have given you written, unwritten, oral, verbal or nonverbal per U.S.C 6802 effective immediately and indefinitely. Barclays # XXXX","We both marked this uncertain. We agreed the FCRA-based withdrawal of authorization is about sharing information and there is no card billing dispute, so we kept Credit reporting.",Credit reporting
1439,"Back in XXXX 2012, my home with Greentree Loan Servicing was burned to the ground and a police report was filed. Greentree was supposed to come repossess the mobile home and took forever to do so. My mortgage was behind a few months and there was forced place insurance on the home for quite sometime. The insurance was not expired at the time of the fire, but Greentree would not acknowledge that the home had insurance. So instead of the company paying off the home with the insurance that had already been paid by them, they in return continued to lie that the home was not insured and has since kept this property on my credit report as a debt.","We agreed the force-placed insurance and unpaid balance on the mobile-home mortgage come first and the credit report effect follows from them, so we kept Mortgage.",Mortgage
1449,"PayPal permanently banned user from using the PayPal service for false and undisclosed accusations of violations of the service 's user agreement. At no time prior to the ban being placed was the user contacted for input, explanation or self-defense, and the company refused to provide any details to the user concerning why such action was taken by company. User had no warning and no recourse.","We both first said Money transfer or service. After rechecking, we saw PayPal banned the user with no payment described, so under the payment-platform rule we changed it to Bank account or service.",Bank account or service
1471,"From XX/XX/2021 to XX/XX/2021 I was defrauded and scammed and led to send XXXX and wire transfer payments of around {$40000.00} to XXXX. I made formal complaints to Bank of America to dispute and rescind those funds. Bank of America wanted official phone records from my phone company XXXX but they informed me they are not able to do so. I made another complaint to reopen the account yesterday and today I was notified that my checking account at Bank of America is being closed due to "" business decision. '' Instead of helping me claim the defrauded amount they have chosen to close the account instead. I have mortgage due in XXXX days XX/XX/XXXX and they have locked my money until official account closure in XX/XX/XXXX. I can not access the funds at all for anything. To pay for food, mortgage or anything. Under the Electronic Fund Transfer Act banks should be able to help victims of scammed XXXX bank customers. Please help me.","We rechecked this under the payment-platform rule. The writer wants about $40000 in scam wires recovered and the account closure came later, so we kept Money transfer or service.",Money transfer or service
1503,"I have had complication with a bank transfer from XXXX XXXX to my Region stream line of credit. On XXXX XXXX XXXX a payment cleared and was processed. A review and or investigation was completed and payment was verified and was authorize. A pending payment did reach regions in the amount of {$34.00}. and the transfer amount was an even {$35.00}. regions has simply stated this is XXXX XXXX responsibility and to take it up with them. I did and no recovery has been made. Regions did no make my deposit of {$35.00} charging me {$35.00} for a returned check fee and {$35.00} for non payment and or late payment fee. leaving me in the negative of {$100.00} plus transfer fees and interest for tranfering other funds to make this account and to keep in good standing on my own. attached our screen shoot of each account thank you. 
XXXX XXXX","We both marked this uncertain. We agreed a $35 transfer meant for a line of credit caused loan fees, so under the payment-platform rule we chose Consumer loan.",Consumer loan
1542,"BBVA Compass - I have called them XXXX times in last XXXX mo 's to get my payments to them on time. They start then stop sending me paper statements. They do not post my payments as I instruct them too. Their customer service is horrible with long phone wait times, disconnects, and lying to me about submitting my requests. I am sending in additional money to pay this XXXX yr. note off faster. They refuse to refinance me at lower rates, due to a XXXX year old bankruptcy, They put my loan in there bankruptcy dept. Which it never should have been. I can not determine if the additional principal I send them is being applied. I can not get there representatives to explain it to me as well. Every month it is a different problem. Now they say there is a XXXX $ fee for submitting payment over the phone. 
When I complained - they said "" oh your right - there is no charge ''. I have XXXX years to go on this loan, but do n't know what I owe or when it is being corrected as far as the Additional principal is concerned.","We both marked this uncertain. We agreed the principal and payoff problems are on an unspecified note with no home collateral, so we kept Consumer loan.",Consumer loan
1544,"Made a transfer to XXXX account because I dont want to bank with empower bank anymore, i linked my empower account to XXXX and initiate a transfer of {$1000.00} and {$990.00} both was posted on XX/XX/XXXX and try to withdraw my money back to my another link account which is ( found ) but my transaction was declined saying I they have to verify my account which is empower, told them my empower account is closed but you can see my name on both accounts that it belongs to mine but they did not allow me to withdraw my funds holding on to it for weeks now they said I have to open the account back which is impossible","We split at first between Money transfer or service and Bank account or service. After talking again we agreed the incoming funds posted and the outgoing withdrawal was declined, so under the payment-platform rule we chose Money transfer or service.",Money transfer or service
1560,"This is a continuation of Case number : XXXX. Despite Bank of America being told several times that I do not use a voice telephone due to the pain it causes me to answer it, they called me yesterday regarding the complaint I filed. When they were again told that using the telephone causes pain, they still refused reasonable accommodation of communicating with me via fax, portal, text, or encrypted email, leaving only US Mail with its intrinsic delays. The reasoning that any of these other methods is less secure than communication over a cell phone is laughable and discriminates against XXXX people who do not use voice phones.","We agreed the complaint is about Bank of America's inaccessible communication and describes no product conduct, so we kept Bank account or service as the closest fit.",Bank account or service
1568,I had multiple fraud charges on my account with Usaa the temp refunded them after they concluded I was at fault I have repeatedly tried to over turn the results because I did not do it and Ive been repeatedly told yes I did,"We both marked this uncertain. We agreed it is a denied fraud claim on an unspecified USAA account, so we kept Bank account or service.",Bank account or service
1596,"The caller will ask for my address and say they have all my information, but need me to confirm my address. They say they are calling in regards to a personal matter and will not tell what it is. I have answered their calls at least three times and told them that I will not confirm my address until the tell me what they are calling about but all they will say is that I is for personal matters.","We both marked this uncertain. We agreed the repeated address-verification calls look most like collection contact even though no debt is stated, so we kept Debt collection.",Debt collection
1605,"On XX/XX/year>, my Coinbase account was restricted and placed under review. I promptly submitted all the requested information to address the issue, as instructed by Coinbase. Despite complying with their requirements and providing all necessary documentation, two months have passed, and I have not received any response or update from Coinbase regarding the status of my account. 

This prolonged lack of communication has caused significant inconvenience and uncertainty for me, as I am unable to access my account or funds. 

Dates and Actions Taken : XX/XX/year> : Received notification that my account was restricted and placed under review. Submitted all required information promptly. 
XXXX XXXX  : No response or updates from Coinbase despite the two-month waiting period. 
I kindly request that Coinbase provides an update on my account status and resolves this matter as soon as possible.","We split at first, with one of us saying Bank account or service and the other Money transfer or service. We agreed Coinbase held the account under review and no transfer is disputed, so under the payment-platform rule we chose Bank account or service.",Bank account or service
1618,"I applied for the Chase Sapphire XXXX  credit card and was denied. The denial was based on information from credit reporting agencies that included a disputed XXXX XXXX collection account, which has already been deleted by XXXX  and is currently under active dispute with XXXX  and XXXX. I have submitted formal disputes, an FTC Identity Theft Report, and a Final Demand Letter to the debt servicer, XXXX XXXX XXXX, requesting deletion and compensation. 

Additionally, there may have been data pulled from XXXX or XXXX XXXX XXXX which could include a fraudulent XXXX  XXXX XXXX account that I have formally disputed and reported as identity theft. That case is under review with XXXX  XXXX XXXX, XXXX, and XXXX. 

Despite all of this, Chase denied my application without offering an opportunity for manual review, submission of supporting documentation, or reconsideration once the disputes are resolved. The decision was made based on inaccurate, unverifiable, or incomplete data currently under formal legal and regulatory investigation.","We both marked this uncertain. We agreed the challenged decision is Chase denying a card application without reconsideration, and the report disputes are only the alleged cause, so we kept Credit card.",Credit card
1661,They continue to report this fraudulent account on my credit report. I also sent them a cease and desist letter which they confirmed that they received in XXXX but they still contacted me after receiving the letter by sending me a letter on XX/XX/2023 which is a FDCPA violation.,"We both marked this uncertain. We agreed the fraudulent account still being reported is the first problem and the contact after the cease letter is separate, so we kept Credit reporting.",Credit reporting
1703,"Capital One Bank is listed by XXXX XXXX as one of the companies that will wire transfer funds to XXXX ( a digital exchange ). However, my account is with Capital One 360. Cap One 360 will only do a wire transfer to a title company, checking, or savings acct. Since this is an exchange, they will not allow me to transfer my funds to XXXX. That is their policy. I tried to open an account with Capital One which is a retail bank. But I can't do it online. It has to be done in person. The nearest branch is in XXXX XXXX. I live near XXXX XXXX Because of this policy of Cap One 360, I will be forced to move my monies out of my 360 account to another banking institution. I have spoken with the Cap One customer service multiple times. They would not allow me to speak with a higher up person. They would not escalate my query. When I asked what I could do to 'make this ( transfer ) happen ', they offered no suggestions. I may as well have spoken to a brick wall. That is how I felt. I initially opened this account via XXXX XXXX years ago. This account evolved into Capital One 360. So, in the end, because I live in XXXX, I can not wire transfer my Cap One 360 funds to an exchange. This is not right. Capital One 360 is a large, international institution. They should honor my right to perform this function.","We rechecked this under the payment-platform rule. Capital One 360 refused a wire to a digital exchange and the writer wants it sent, so we kept Money transfer or service.",Money transfer or service
1711,"reference is made to CFPB complaints XXXX and XXXX, both of which assert The Work Number 's failure to provide a copy of my full-disclosure report and their repeated ongoing delay in sending my report to me. They keep asking for asking that has already been provided, namely documentation of my identity. In all requests, I have provided copies of my State ID that has my street address as well as my date of birth on it, a copy of my passport which confims the validity of the state id, a copy of my social security card which shows my full SSN, as well as a copy of a utility bill, which shows my mailing address and service address. Even in the above mentioned CFPB complaints, they, AGAIN, ask for ID that has already been provided. I will continue to file CFPB complaints, and send letters to the AG in their state and mine, until they comply with federal law and provide a copy of my full-disclosure report.","One of us marked this uncertain. We agreed the request for a full disclosure report is the nearest fit, even though The Work Number report is not clearly a credit report, so we kept Credit reporting.",Credit reporting
1729,I have been asking to cancel my membership with usaa. I am being told that my membership well. Be active indefinitely and that they can remove information and cancel my accounts. But they can not cancel my membership. Claim for business purposes my membership will always stay active. Keeping my membership active is fraud. Numbers aren't accurate as they put out to collect new clients.,"We both marked this uncertain. We agreed the refusal to cancel a USAA membership names no product, so we kept Bank account or service.",Bank account or service
1735,"On or about XX/XX/year>, Verisk ( Property Estimating Solutions ) charged my XXXX XXXX XXXX XXXX for {$2300.00} in error. On XX/XX/year>, XXXX XXXX XXXX, XXXX XXXX, confirmed in writing that the full {$2300.00} plus an additional {$39.00} would be refunded. 

I received the {$39.00} refund shortly after, but the {$2300.00} refund was never processed. After multiple phone calls and emails, Verisk stated on XX/XX/year> that they would now issue the refund by paper check in XXXX weeks, rather than crediting the original payment method. In that same message, they reduced the refund to {$2300.00}, stating only that for some reason they took out {$39.00} of the balance. I had already received that {$39.00} refund separately, so the reduction is unexplained. 

This means Verisk has acknowledged the charge was an error but has delayed refunding my funds for more than a month, intends to delay at least two additional months, and is refunding less than the original amount owed.

The actions of Verisk have caused financial harm to me as a small-business customer by holding funds they admit are not theirs to keep. Their refund policy appears unreasonable and potentially deceptive, as they are retaining funds they should have immediately returned to the original payment method.","We both marked this uncertain. We agreed the unreturned refund and failed chargeback are a card dispute, even though the payment method is redacted, so we kept Credit card.",Credit card
1742,I contacted the company on several occasions letting them know that I did not receive my bills. The company did not fix the error and continued to bill me later fees. I explained to the company that I was affected by the pandemic and that I was out of XXXX and moved into a smaller area. The company continues to say that the late fees are valid even though I never received my bills. I was relying on others to pay the bills. The company does not care about consumers ' financial hardship and never offered me a program for covid relief.,"We both marked this uncertain. We agreed the missing bills and late fees look like card billing, and since no product is named we kept Credit card provisionally.",Credit card
1761,"I moved out XX/XX/2021 and called service provider regarding relocation service. They open new account and didnt close previous account and Ive been charged for 15 months and when my credit card was expired they just move my due to collection. And that time I realize that they didnt disconnect my previous address. 
They charge me because their representative didnt close my account when did transfer of service and they refused to refund me for that period instead they moved to collections. 
I did called to collections and tried to resolve with them but they just dont resolve the case. 
I did contact XXXX  and my case never been take care of.","We both marked this uncertain. We agreed the disputed service bill was referred to collections, so we kept Debt collection.",Debt collection
1765,"On XX/XX/year>, my PayPal account was taken over without authorization. 

I received PayPal security alert emails confirming that my password, security questions, phone number, and email address were changed without my consent. These changes occurred immediately before cryptocurrency held in my PayPal account was sold and withdrawn. 

My PayPal account had been dormant for over a year prior to this incident. I did not authorize any of these actions. 

I attempted to contact PayPal on XX/XX/XXXX, but customer service was unavailable due to the holiday. When I regained access to my account the following day, the cryptocurrency was gone. 

PayPal improperly classified my report as a purchase/payment dispute instead of an unauthorized account access incident and closed the case in error, stating the activity was consistent with my transaction history, which is false given the prior inactivity and the multiple security credential changes preceding the asset liquidation. 

PayPal now shows a negative balance of {$96.00} on my account, which PayPal claims I owe. This balance resulted directly from the unauthorized sale and withdrawal of crypto already held by PayPal and not from any transaction initiated by me or from my bank.","We both marked this uncertain. We agreed the main issue is the unauthorized sale and withdrawal of crypto after the PayPal takeover, so under the payment-platform rule we kept Money transfer or service.",Money transfer or service
1800,"I purchased an XXXX XXXX XXXX ( Card # : XXXX ) in the amount of {$100.00} at XXXX # XXXX at XXXX XXXX XXXX XXXX XXXX XXXX XXXX CA XXXX on XX/XX/year>. This card was purchased as a gift and when the recipient opened the gift card the claim code was defaced not readable. When the recipient called XXXX to find an alternative way to use the card, they told him it was already used. XXXX and XXXX  ( Incident ID : XXXX ) declined to refund the purchase and Capital One ( Dispute Case Number : XXXX ) declined to charge-back the purchase or cover it under purchase protection. 

It appears that the card was taken by someone ; the claim code was stolen and defaced ; and then returned to the store "" visibly undamaged ''. Then I purchased and the store activated the card & the card was used by the person who stole the claim code before the person I gifted it to was able to try to use it on XX/XX/year>.","We agreed Capital One's refusal of the chargeback and purchase protection claim is the disputed decision, so we kept Credit card.",Credit card
1830,"I previously disputed this account when the company contacted me, but they took XXXX months to respond and ignored the substance of my dispute. Their only defense is that I signed the loan, but they have not addressed the misrepresentation involved in the loan or provided any validation. They continued collection activity and placed the account in collections even though the loan was obtained through deceptive practices. They also reported the account to my credit report. When they contacted me again, it was only to demand payment, not to provide documentation or investigate my dispute.","We agreed the payment demands that continued after a disputed loan with no validation come first, so we kept Debt collection.",Debt collection
1831,"This is not a duplicate complaint. This complaint addresses AESs failure to validate the debt under federal law after a formal dispute. I requested original documentation which has not been provided, including the signed promissory note, full account history, and borrower authorization which is under FDCPA 1692g ( b ) and FCRA 1681s-2 ( b ). AES did not provide this. Instead, they returned screenshots and system-generated summaries, which do not meet legal standards for verification.

AES is continuing to report the tradeline without providing original, signed documentation or proof of chain of assignment. This constitutes inaccurate and unverifiable reporting under FCRA 1681i and is a violation of consumer rights.

This complaint is not about deferment, hardship, or repayment plans. It is about AES failing to comply with debt validation law and continuing to furnish data to XXXX  without legal verification. This behavior also constitutes unfair, deceptive, and abusive practices ( UDAAP ) under 12 U.S.C. 5531.","We agreed the writer's main complaint is continued reporting of an unverifiable student-loan tradeline, so we kept Credit reporting.",Credit reporting
1836,I have been using Robinhood online account trading for several years. Several weeks ago I got an email saying that my account had been frozen. There is no way to get a hold of Robinhood on the phone. I corresponded through chat and email multiple times over several weeks. They have asked me for verification information all of which I have provided multiple times electronically. There is no fraud on my account. I am at the point now where I just want my account closed and my funds refunded. Robinhood has refused to refund my remaining balance or officially close my account. I have spent hours trying to rectify the situation unsuccessfully. Online I see that multiple other customers have had the same problems with this shady company.,"We both marked this uncertain since brokerage is a poor fit. We agreed Robinhood froze the account and will not release the balance, so under the payment-platform rule we chose Bank account or service.",Bank account or service
1843,"CMRE was notified by letter almost a dozen times to provide substantiation for an alleged debt by my attorney. They failed to do so, yet suddenly added negative information to my credit report. I have tried calling them to no avail.","We split at first between Debt collection and Credit reporting. We agreed the repeated unanswered requests for substantiation are the main conduct and the negative entry followed them, so we chose Debt collection.",Debt collection
1844,"1 ) I logged into my online wells fargo banking account on XX/XX/XXXX my checking account balance was {$50.00} 2 ) Went to Wells Fargo XXXX XXXX branch in XXXX VA to file a fraud claim spoke to XXXX XXXX the manager 3 ) Looked at all transactions made and started claim was told I would get money back and my old account would be closed 4 ) Was also stated that the resolution team would take a look at all transactions and see what they could do, they would have a "" specialist '' investigate and i would receive a call from their team 5 ) The claim had every transaction starting with two transfers from my savings to my checking accounts of {$2000.00}, then two transfers of {$500.00} through XXXX to an unknown name of XXXX XXXX, everything else was transferred through increments of $ XXXX through XXXX XXXX ( an application I deleted before the money was taken ) and using a cardless ATM number and my PIN - the transactions say XXXX XXXX XXXX XXXX and XXXX XXXX XXXX GA 6 ) No one had permission to log into my online bank account or have access to any of my account information, I was never in XXXX, GA so I myself did not use my own card to take money out at an ATM. 
7 ) After the claim was finished with being filed i was set with a new checking and savings account 8 ) 10 business days later {$1000.00} in total was sent to my new bank account - XX/XX/XXXX 9 ) No call was received from resolution team, no email for contact along with no email of suspicious activity 10 ) Went back to 10 High Wells Fargo branch and was told that all my accounts were to be closed and they were not told why - XX/XX/XXXX ) A letter was received in the mail explaining, my case was to be closed along with my bank accounts because it was claimed that I did it myself or gave permission to someone else for this. - XX/XX/XXXX 26th","We both marked this uncertain. We agreed the fraud claims and the closure of the checking and savings accounts come first, so under the payment-platform rule we kept Bank account or service.",Bank account or service
1870,"For the Barclay 's Bank American Airlines Aviator Card - there is a website called American Airlines AAdvantage XXXX ( XXXX XXXX XXXX  ) where credit card holders can get extra miles for accessing vendor websites through this AAdvantage site first. 

The specific issue I am raising is in regards to how bonus miles are advertised for XXXX XXXX compared to the list of excluded products that aren't covered by the advertised bonus. 

1 - On the XXXX XXXX page, you see "" Up to 4 Miles ''. To their credit, immediately below that, is an "" Exclusions '' section where it makes it crystal clear which products are excluded from the "" Up to 4 Miles '' promotion. No problem or complaint here. 

2 - Just another screenshot showing more of the Exclusions list. No problem or complaint here. 

3 - Problem/complaint. If I do a product search on the American Airlines AAdvantage XXXX page, it pulls up multiple results, including at least 2 results from XXXX XXXX that also include text in blue that reads "" Earn up to 4 miles '', which is confusing because it makes the buyer believe that purchasing a XXXX XXXX through that link will possibly earn the customer upwards of 4 miles per dollar spent. I believe this is confusing and misleading, but not likely not intentional by the credit card company. I believe it's likely an automated process that needs to be fixed so that excluded products ( in this case - "" XXXXXXXX XXXX XXXX XXXX are not associated with bonus mileage opportunities ). 

4 - Problem/complaint. If you click on one of the XXXX XXXX links from the XXXX XXXX XXXX, you first go through this transition page before reaching the XXXX XXXXXXXX XXXX There's text at the bottom that reads "" Rewards not eligible on ... '' and "" XXXX XXXX Products '' is again listed there. So again, it's confusing and misleading given what customers see in XXXX XXXX XXXX","We agreed the misleading bonus-mile offer is tied to the credit-card rewards program, so we kept Credit card.",Credit card
1936,"I called XXXX on XX/XX/year> at XXXX XXXX  ET and discussed with a customer service representative my issue. XXXX XXXX XXXX loans has since dissolved their website and phone number and I am unable to request any payment or balance information from them. I informed the representative that the balance they had on file was incorrect and was ~ {$1300.00} more than what I remember the balance being with XXXX XXXX. I requested a full payment history from the previous borrower ( XXXX XXXX ) and information on the balance at time of transfer. I informed them I would not make a payment until the balance was confirmed. I never received any mail, emails or correspondence with the information I requested. Today I noticed that a XXXX  day late notice was reported to the credit bureau 's and no XXXX or XXXX day notice was reported. This has negatively impacted my credit score to the point where I might not be able to qualify for a mortgage loan. XXXX has stated that they will not perform any "" Goodwill Requests '' and hence my credit score can not be corrected. I feel like I should have been given due process to contest the error before any negative credit reporting was sent out.","We split at first between Consumer loan and Credit reporting. We agreed the disputed inherited loan balance and missing payment history come first and the late mark followed, so we chose Consumer loan.",Consumer loan
1983,"Although the payment was made in full on and before the due date, yet bank charged me a late fee plus interest followed with 37 phone collection calls.

A credit has been issued in the amount of {$27.00} on XX/XX/year>.","We both marked this uncertain. We agreed the late fee and interest after a timely payment are the main issue and the calls followed, so we kept Credit card provisionally.",Credit card
